{"cameraMode":{"drawMode":0,"name":"Shaded","section":"Shading Mode"},"sceneLighting":false,"audioPlay":false,"sceneViewState":{"showFog":true,"showMaterialUpdate":false,"showSkybox":false,"showFlares":true,"showImageEffects":true,"showParticleSystems":true},"in2DMode":false,"pivot":{"x":-16.122671127319337,"y":1.0984187126159669,"z":8.175292015075684},"rotation":{"x":-0.06660740822553635,"y":-0.8942667245864868,"z":0.14236223697662354,"w":-0.41931623220443728},"size":1.2084083557128907,"orthographic":false}