{"cameraMode":{"drawMode":0,"name":"Shaded","section":"Shading Mode"},"sceneLighting":false,"audioPlay":false,"sceneViewState":{"showFog":true,"showMaterialUpdate":false,"showSkybox":false,"showFlares":true,"showImageEffects":true,"showParticleSystems":true},"in2DMode":false,"pivot":{"x":-15.29572582244873,"y":0.5576789975166321,"z":7.701114654541016},"rotation":{"x":0.34745627641677859,"y":-0.5934453010559082,"z":0.3146337568759918,"w":0.6544657349586487},"size":1.9171230792999268,"orthographic":false}