{"cameraMode":{"drawMode":0,"name":"Shaded","section":"Shading Mode"},"sceneLighting":false,"audioPlay":false,"sceneViewState":{"showFog":true,"showMaterialUpdate":false,"showSkybox":false,"showFlares":true,"showImageEffects":true,"showParticleSystems":true},"in2DMode":false,"pivot":{"x":-1.1920928955078126e-7,"y":1.3251628875732422,"z":0.0},"rotation":{"x":0.07097909599542618,"y":0.8916056752204895,"z":-0.15012840926647187,"w":0.42165133357048037},"size":1.228426218032837,"orthographic":false}