{"cameraMode":{"drawMode":0,"name":"Shaded","section":"Shading Mode"},"sceneLighting":true,"audioPlay":false,"sceneViewState":{"showFog":true,"showMaterialUpdate":false,"showSkybox":true,"showFlares":true,"showImageEffects":true,"showParticleSystems":true},"in2DMode":false,"pivot":{"x":-2.1771554946899416,"y":-11.84157943725586,"z":-8.282779693603516},"rotation":{"x":-0.5178939700126648,"y":-0.2718959152698517,"z":0.17775337398052216,"w":-0.7916093468666077},"size":24.478851318359376,"orthographic":false}