{"cameraMode":{"drawMode":0,"name":"Shaded","section":"Shading Mode"},"sceneLighting":true,"audioPlay":false,"sceneViewState":{"showFog":true,"showMaterialUpdate":false,"showSkybox":true,"showFlares":true,"showImageEffects":true,"showParticleSystems":true},"in2DMode":false,"pivot":{"x":-36.13193130493164,"y":-11.743254661560059,"z":-12.269660949707032},"rotation":{"x":0.40726223587989809,"y":-0.4987586438655853,"z":0.28600436449050906,"w":0.7098436951637268},"size":18.358407974243165,"orthographic":false}