{"cameraMode":{"drawMode":0,"name":"Shaded","section":"Shading Mode"},"sceneLighting":false,"audioPlay":false,"sceneViewState":{"showFog":true,"showMaterialUpdate":false,"showSkybox":false,"showFlares":true,"showImageEffects":true,"showParticleSystems":true},"in2DMode":false,"pivot":{"x":-16.122671127319337,"y":1.0984187126159669,"z":8.985370635986329},"rotation":{"x":-0.30227652192115786,"y":0.5932984352111816,"z":-0.2553974688053131,"w":-0.7011619210243225},"size":0.20801375806331635,"orthographic":false}