{"cameraMode":{"drawMode":0,"name":"Shaded","section":"Shading Mode"},"sceneLighting":true,"audioPlay":false,"sceneViewState":{"showFog":true,"showMaterialUpdate":false,"showSkybox":true,"showFlares":true,"showImageEffects":true,"showParticleSystems":true},"in2DMode":false,"pivot":{"x":-4.4347686767578129,"y":-3.744884490966797,"z":-3.091510772705078},"rotation":{"x":-0.15024250745773316,"y":-0.46568700671195986,"z":0.08059360086917877,"w":-0.8685153126716614},"size":8.537980079650879,"orthographic":false}