{"cameraMode":{"drawMode":0,"name":"Shaded","section":"Shading Mode"},"sceneLighting":false,"audioPlay":false,"sceneViewState":{"showFog":true,"showMaterialUpdate":false,"showSkybox":false,"showFlares":true,"showImageEffects":true,"showParticleSystems":true},"in2DMode":false,"pivot":{"x":0.0,"y":2.3399999141693117,"z":3.1500000953674318},"rotation":{"x":0.06123928353190422,"y":0.9170737862586975,"z":-0.1543618142604828,"w":0.36300361156463625},"size":0.8660287261009216,"orthographic":false}