{"cameraMode":{"drawMode":0,"name":"Shaded","section":"Shading Mode"},"sceneLighting":true,"audioPlay":false,"sceneViewState":{"showFog":true,"showMaterialUpdate":false,"showSkybox":true,"showFlares":true,"showImageEffects":true,"showParticleSystems":true},"in2DMode":false,"pivot":{"x":3.7046289443969728,"y":4.433574676513672,"z":-10.492400169372559},"rotation":{"x":-0.6972024440765381,"y":-0.0017452682368457318,"z":0.0014721463667228819,"w":-0.7171329855918884},"size":16.15979766845703,"orthographic":false}